Date,Source,news_data
14-02-2015,Reuters,"HDFC Bank reported quarterly net profit growth of around 20%, supported by strong retail and corporate loan demand, highlighting resilience compared to state-run banks facing rising non-performing asset pressures. (Reuters)"
21-04-2016,Business Standard,"HDFC Bank announced strong quarterly earnings with stable margins and low NPAs, reinforcing its conservative lending model while the broader Indian banking sector struggled with deteriorating asset quality."
08-11-2016,Reuters,"Following demonetisation announced by the Indian government, HDFC Bank witnessed a surge in deposits and digital transactions as customers moved towards formal banking and electronic payment systems. (Wikipedia)"
13-01-2017,Mint,"HDFC Bank reported steady growth driven by expansion in rural and semi-urban markets, focusing on retail lending and maintaining strong asset quality compared to peers facing rising stressed assets."
17-07-2017,Economic Times,"HDFC Bank delivered consistent quarterly performance with strong retail loan growth and stable margins, continuing to outperform peers in asset quality during a period of stress in the banking sector."
20-04-2018,Reuters,"HDFC Bank posted strong earnings growth with stable asset quality and improving margins, driven by expansion in retail lending and disciplined risk management across its diversified loan portfolio."
01-08-2018,Business Standard,"HDFC Bank became India’s most valuable lender by market capitalization, reflecting strong investor confidence in its consistent profitability, governance standards, and long-term growth strategy in private banking."
14-01-2019,Economic Times,"HDFC Bank reported strong quarterly earnings supported by robust retail loan growth and stable asset quality, maintaining leadership position among private sector banks amid broader economic slowdown concerns."
20-04-2019,Reuters,"HDFC Bank maintained steady profit growth and stable margins despite macroeconomic challenges, supported by strong retail lending and disciplined underwriting practices across its credit portfolio."
21-10-2019,Mint,"HDFC Bank continued expanding its digital banking services, focusing on improving customer experience and increasing transaction volumes through technology adoption and retail-focused growth initiatives."
27-03-2020,Reuters,"HDFC Bank announced support measures during COVID-19 disruptions, including loan moratoriums and liquidity assistance, aiming to protect customers and maintain operational stability during economic uncertainty."
18-07-2020,Economic Times,"Despite pandemic-related disruptions, HDFC Bank reported resilient earnings and stable asset quality, demonstrating strong risk management and diversified lending across retail and corporate segments."
02-12-2020,Reuters,"RBI barred HDFC Bank from issuing new credit cards after repeated digital outages, highlighting operational risks and forcing the bank to strengthen its technology infrastructure and compliance systems. (Reuters)"
15-01-2021,Business Standard,"HDFC Bank initiated major investments in digital infrastructure and compliance improvements following RBI restrictions, aiming to restore operational stability and support future growth in digital banking services."
23-02-2021,Reuters,"HDFC Bank invested in a payments entity promoted by Tata Group, marking strategic expansion into India’s digital payments ecosystem and strengthening its presence in evolving fintech infrastructure. (Wikipedia)"
27-05-2021,Reuters,"RBI imposed a monetary penalty on HDFC Bank for irregularities in its auto loan portfolio, highlighting compliance gaps and reinforcing regulatory scrutiny despite the bank’s otherwise strong financial performance. (Wikipedia)"
04-04-2022,Reuters,"HDFC Ltd announced a merger with HDFC Bank in India’s largest financial sector deal, aiming to combine housing finance and banking operations for scale, efficiency, and long-term growth. (Wikipedia)"
01-07-2023,Reuters,"HDFC Bank completed its merger with HDFC Ltd, creating one of the world’s largest banks with expanded balance sheet, increased customer base, and stronger retail and housing loan integration. (Wikipedia)"
13-03-2023,Business Standard,"A data breach at HDB Financial Services, a subsidiary of HDFC Bank, exposed sensitive information of millions of customers, raising concerns around cybersecurity, data protection, and operational risk management. (Wikipedia)"
13-11-2023,Reuters,"RBI retained HDFC Bank in its list of domestic systemically important banks, requiring higher capital buffers and reinforcing its “too big to fail” status following the merger expansion. (Reuters)"
10-04-2024,Mint,"HDFC Bank expanded its physical presence by opening new branches in underserved regions, strengthening distribution network and improving access to banking services across rural and semi-urban India. (Wikipedia)"
30-10-2024,Reuters,"HDB Financial Services, a subsidiary of HDFC Bank, filed for a $1.5 billion IPO to meet regulatory requirements, supporting capital expansion and improving transparency in its non-banking operations. (Reuters)"
15-09-2024,Reuters,"RBI imposed a penalty on HDFC Bank for non-compliance with deposit rate regulations and customer service standards, highlighting ongoing regulatory concerns despite its strong market leadership position. (Reuters)"
19-04-2025,Republic Business,"HDFC Bank reported strong FY2025 results with rising net profit and net interest income, along with announcing a dividend, reflecting continued profitability despite post-merger integration challenges. (Republic World)"
19-07-2025,Mint,"HDFC Bank scheduled board meeting to review quarterly results and consider dividend and bonus issuance, signaling continued focus on shareholder returns and capital allocation strategy. (mint)"
15-09-2025,Reuters,"Dubai regulator restricted a branch of HDFC Bank from onboarding new clients due to compliance deficiencies, raising concerns about international regulatory adherence and operational governance. (Reuters)"
01-11-2025,Reuters,"RBI imposed penalties on HDFC Bank for using incorrect loan pricing benchmarks and weak KYC outsourcing controls, highlighting lapses in compliance and need for stronger internal processes. (Reuters)"
16-12-2025,Reuters,"RBI approved HDFC Bank group entities to acquire up to 9.5% stake in IndusInd Bank, indicating strategic positioning and expansion within India’s financial services sector. (Reuters)"
05-12-2025,Reuters,"RBI introduced guidelines requiring banks to ringfence core and non-core operations, impacting large lenders like HDFC Bank and shaping future structure of financial conglomerates in India."
31-12-2025,Economic Times,"Post-merger integration challenges continued to affect HDFC Bank’s credit growth and margins, as the bank worked to align liquidity, systems, and lending strategies within the expanded balance sheet structure."
27-12-2015,Economic Times,"Reliance Jio launched beta 4G services for employees and partners, marking the beginning of its telecom entry and laying foundation for a nationwide digital transformation strategy. (Wikipedia)"
05-09-2016,Reuters,"Reliance Industries commercially launched Jio 4G services with free voice and data offers, disrupting India’s telecom sector and triggering intense competition through ultra-low pricing strategies. (Wikipedia)"
01-09-2016,Economic Times,"Reliance Industries’ AGM highlighted aggressive telecom strategy and digital focus, with market reacting to Jio announcements as company positioned itself for long-term consumer technology leadership. (The Economic Times)"
22-02-2017,Mint,"Reliance Jio crossed 100 million subscribers within months of launch, becoming fastest-growing telecom network globally and strengthening Reliance Industries’ position in India’s digital ecosystem. (Wikipedia)"
21-07-2017,Business Standard,"Reliance Industries reported strong earnings growth supported by refining and petrochemical segments, while telecom business scaled rapidly with increasing subscriber additions and network expansion."
05-07-2018,Economic Times,"Reliance announced Jio GigaFiber broadband services, expanding into fixed-line internet and strengthening its integrated digital ecosystem alongside telecom, content, and enterprise connectivity offerings. (Wikipedia)"
20-07-2018,Reuters,"Reliance Industries posted strong quarterly earnings driven by refining margins and petrochemical performance, while telecom arm Jio continued rapid subscriber growth and revenue expansion."
12-08-2019,Business Standard,"Reliance Industries’ AGM announced major digital and retail expansion plans, including partnerships and platform strategy, signaling transition from energy-focused business to consumer and technology-driven conglomerate. (Reliance Industries Limited)"
12-08-2019,Reuters,"Reliance Industries announced acquisition of Fynd to strengthen e-commerce capabilities, expanding its retail digital strategy and integrating online platforms with physical retail network across India. (Wikipedia)"
30-08-2019,Mint,"Reliance Industries continued to scale retail and telecom businesses, with strong growth in consumer segments contributing increasingly to overall revenue mix alongside traditional energy operations."
10-09-2020,Reuters,"Reliance Industries became first Indian company to cross $200 billion market capitalization, driven by strong investor confidence in digital, telecom, and retail transformation strategy. (peeaar.in)"
18-07-2020,Economic Times,"Reliance Industries reported resilient earnings despite COVID-19 disruptions, supported by telecom growth and stable refining operations, highlighting diversification benefits across business segments."
22-04-2020,Reuters,"Reliance Industries announced strategic stake sale in Jio Platforms to global investors, raising significant capital and validating valuation of its digital business ecosystem."
15-07-2020,Reuters,"Google announced investment in Jio Platforms, strengthening strategic partnership and supporting development of affordable smartphones and digital ecosystem expansion in India."
30-09-2020,Business Standard,"Reliance Retail attracted global investments to expand its footprint, signaling strong investor interest in India’s consumer market and supporting company’s transition towards digital commerce leadership."
24-06-2021,Economic Times,"Reliance Industries highlighted its strategy to become a global leader in digital services and new energy at its AGM, outlining investments in renewable energy and technology-driven growth initiatives. (Reliance Industries Limited)"
10-10-2021,Business Standard,"Reliance Retail partnered with global convenience chain 7-Eleven to expand retail footprint in India, marking entry into organized convenience store segment and strengthening consumer-facing business strategy. (Wikipedia)"
15-01-2022,Mint,"Reliance Retail invested approximately $200 million in Dunzo, acquiring a strategic stake to strengthen its last-mile delivery and hyperlocal commerce capabilities in India’s growing digital retail ecosystem. (Wikipedia)"
29-08-2022,Economic Times,"At its AGM, Reliance Industries outlined plans for expansion into green energy, including solar manufacturing and hydrogen ecosystem, positioning itself as a major player in India’s clean energy transition. (Reliance Industries Limited)"
28-08-2023,Reuters,"Reliance Industries emphasized growth across telecom, retail, and new energy segments at its AGM, focusing on scaling digital platforms and strengthening integrated consumer and technology ecosystem. (Reliance Industries Limited)"
28-08-2023,Business Standard,"Reliance announced demerger of its financial services business into Jio Financial Services, unlocking value and creating a separate listed entity focused on lending, insurance, and digital financial solutions."
15-03-2023,Mint,"Reliance Consumer Products relaunched Campa Cola brand to expand FMCG presence, aiming to compete with global beverage companies and strengthen its position in India’s fast-growing consumer goods market. (Wikipedia)"
06-02-2024,Reuters,"Reliance Industries and BP showcased energy transition initiatives at India Energy Week, focusing on fuel retail expansion and low-carbon solutions as part of broader shift towards sustainable energy business. (Reliance Industries Limited)"
10-05-2024,Business Standard,"Reliance expanded digital infrastructure and telecom ecosystem through continued investments in 5G rollout and enterprise services, strengthening its leadership in India’s rapidly evolving digital economy."
29-08-2024,Economic Times,"At its AGM, Reliance Industries outlined strategy to become a deep-tech and advanced manufacturing company, focusing on AI, energy transition, and next-generation digital infrastructure investments. (Reliance Industries Limited)"
03-06-2025,Reuters,"Reliance Industries participated in India’s defence manufacturing initiative through Jai Ammunition Limited, supporting indigenous production of artillery systems and reducing dependence on imports. (Wikipedia)"
22-05-2025,Business Standard,"Reliance Defence entered partnership with Germany’s Rheinmetall to manufacture ammunition in India, strengthening its presence in defence sector and expanding into strategic industrial manufacturing capabilities. (Wikipedia)"
26-06-2025,Economic Times,"Reliance Defence secured export orders under global partnerships, marking expansion into international defence markets and reinforcing diversification beyond energy, telecom, and retail businesses. (Wikipedia)"
29-08-2025,Reuters,"At its AGM, Reliance announced plans to expand into artificial intelligence and digital products, including Jio platforms, while indicating potential IPO of telecom business to unlock shareholder value. (The Economic Times)"
29-08-2025,Economic Times,"Reliance Industries highlighted strong performance despite global energy market volatility, emphasizing resilience of diversified business model and continued focus on growth across digital, retail, and energy segments. (The Economic Times)"
12-01-2015,Economic Times,"INFY reported steady quarterly performance driven by large deal wins and stable client demand, while continuing its transition towards automation, digital services, and consulting-led revenue growth strategy."
24-04-2015,Reuters,"INFY announced strong earnings growth with improving margins, supported by cost optimization and higher contribution from digital services, reflecting early success of its strategic transformation under new leadership."
14-01-2016,Business Standard,"INFY reported stable revenue growth amid global IT spending slowdown, focusing on automation and artificial intelligence to improve efficiency and maintain competitiveness in evolving technology services market."
15-07-2016,Reuters,"INFY posted quarterly earnings with moderate growth, while increasing investments in digital transformation services, highlighting shift from traditional outsourcing toward high-value technology and consulting offerings."
13-01-2017,Economic Times,"INFY delivered steady earnings supported by digital services growth, though facing pricing pressure in traditional outsourcing segments as global clients increasingly shifted toward automation and cloud-based solutions."
18-08-2017,Reuters,"INFY CEO Vishal Sikka resigned amid governance disputes with founders, triggering sharp stock decline and raising concerns over leadership stability and corporate governance practices. (Moneycontrol)"
24-08-2017,Business Standard,"INFY appointed interim leadership following CEO resignation, aiming to stabilize operations and rebuild investor confidence while addressing governance concerns and internal conflicts between board and founders."
02-12-2017,Mint,"INFY appointed Salil Parekh as new CEO and managing director, signaling leadership reset and renewed focus on operational stability, client engagement, and sustainable growth strategy."
13-04-2018,Moneycontrol,"INFY under new CEO initiated strategic review, including plans to divest non-core acquisitions like Panaya and Skava, aiming to simplify operations and improve focus on core digital services business. (Moneycontrol)"
13-07-2018,Reuters,"INFY reported steady earnings recovery under new leadership, with improved client deal pipeline and focus on digital transformation services driving gradual improvement in revenue growth trajectory."
12-01-2019,Economic Times,"INFY delivered strong quarterly results supported by digital services growth and large deal wins, while maintaining stable margins and improving operational efficiency under renewed management direction."
12-07-2019,Reuters,"INFY reported consistent revenue growth with strong performance in digital services segment, reflecting successful execution of strategy focused on cloud, automation, and next-generation technology solutions."
12-01-2020,Business Standard,"INFY posted strong quarterly earnings with rising deal wins and robust demand for digital services, reinforcing its position as a leading global IT services provider amid evolving technology landscape."
15-04-2020,Reuters,"INFY announced measures to address COVID-19 disruptions, including cost controls and remote delivery models, ensuring business continuity while supporting clients during global economic uncertainty."
15-07-2020,Economic Times,"INFY reported resilient earnings despite pandemic challenges, driven by strong demand for digital transformation and cloud services as global enterprises accelerated technology adoption during crisis period."
07-06-2021,Reuters,"INFY launched India’s new income tax e-filing portal, aiming to modernize tax administration, but users soon reported glitches, raising concerns over execution quality and government project delivery. (Wikipedia)"
22-08-2021,Economic Times,"Finance Ministry summoned INFY CEO over persistent technical issues in the income tax portal, highlighting governance concerns and increasing scrutiny on large government technology projects executed by the company. (Wikipedia)"
13-10-2021,Business Standard,"INFY reported strong deal wins and revenue growth, supported by global demand for digital transformation services, while continuing investments in cloud, automation, and enterprise technology solutions."
13-01-2022,Reuters,"INFY posted steady quarterly earnings with strong large deal bookings, reflecting continued demand for digital services despite global uncertainties and strengthening its position in global IT services market."
21-10-2022,BBC News,"INFY terminated employees involved in “moonlighting,” reinforcing strict employment policies and sparking industry-wide debate on dual employment practices in India’s IT services sector. (Wikipedia)"
12-01-2023,Economic Times,"INFY reported strong quarterly performance driven by large deal wins and digital services growth, maintaining stable margins despite macroeconomic slowdown and cautious client spending environment globally."
20-07-2023,Mint,"INFY lowered revenue growth guidance citing weak global demand and slowdown in discretionary technology spending, reflecting challenges faced by IT sector amid economic uncertainty in key markets."
12-10-2023,Reuters,"INFY continued to secure large deal wins despite slowdown concerns, demonstrating resilience in enterprise digital transformation demand and maintaining strong deal pipeline across global client segments."
11-01-2024,Business Standard,"INFY reported stable earnings but highlighted margin pressures due to pricing challenges and increased costs, reflecting ongoing adjustment phase in global IT demand and competitive environment."
18-04-2024,Reuters,"INFY delivered quarterly earnings with moderate growth and cautious outlook, citing delays in client decision-making and reduced discretionary spending across major markets like the United States and Europe."
23-07-2025,Economic Times,"INFY reported 9% year-on-year profit growth with steady revenue increase, supported by large deal wins and operational efficiency, while maintaining cautious outlook amid uncertain global economic environment. (The Economic Times)"
16-01-2025,INFY IR,"INFY announced quarterly results with continued deal momentum and stable margins, highlighting strong client demand for digital services and consistent execution across key business segments. (INFY)"
14-05-2025,Times of India,"INFY completed stake sale in its Japan-based joint venture HIPUS, strengthening strategic partnership with Mitsubishi Heavy Industries and focusing on optimizing global business structure. (The Times of India)"
10-12-2025,Market News,"INFY promoter reduced stake through open market sale, reflecting portfolio rebalancing while company continued stable operations and maintained strong institutional investor participation. (scanx.trade)"
09-10-2025,INFY IR,"INFY announced schedule for quarterly earnings release, reflecting continued transparency and structured investor communication as part of its governance and reporting framework. (INFY)"
12-01-2015,Economic Times,"TCS became India’s most profitable company, surpassing Reliance Industries, reflecting strong earnings growth, operational efficiency, and global leadership in IT services and outsourcing business. (Wikipedia)"
16-04-2016,Economic Times,"A US jury imposed a $940 million fine on TCS in a trade secrets lawsuit involving Epic Systems, raising concerns over legal risks and corporate governance in international operations. (Wikipedia)"
03-10-2017,Times of India,"A US court reduced the penalty in the Epic Systems case to around $420 million, easing financial impact on TCS while still highlighting ongoing legal and compliance challenges. (Wikipedia)"
12-01-2017,Business Standard,TCS reported steady quarterly earnings supported by strong demand for outsourcing services and increasing adoption of digital technologies across global enterprise clients.
15-07-2017,Reuters,"TCS continued stable revenue growth with strong deal pipeline, focusing on digital transformation, cloud services, and automation to maintain leadership in global IT services market."
10-04-2018,Economic Times,"Tata Sons sold TCS shares worth over $1.25 billion in a bulk deal, reducing its stake while unlocking value and maintaining majority ownership in India’s largest IT services company. (Wikipedia)"
20-07-2018,Reuters,"TCS reported strong quarterly earnings driven by growth in digital services, including cloud, analytics, and automation, reflecting successful transition from traditional outsourcing to next-generation IT solutions."
11-01-2019,Business Standard,"TCS delivered consistent earnings growth supported by strong client demand and large deal wins, maintaining its position as a global leader in IT services and consulting."
20-04-2019,Reuters,"TCS continued expansion in digital services and enterprise solutions, strengthening its global client base and improving margins through operational efficiency and scalable delivery models."
24-07-2019,Economic Times,"TCS received multiple international business awards for innovation and service excellence, reinforcing its global brand strength and leadership in IT services and consulting industry. (Wikipedia)"
08-10-2020,Reuters,"TCS became the world’s most valuable IT company by market capitalization, surpassing Accenture, reflecting strong investor confidence in its digital capabilities and long-term growth prospects. (Wikipedia)"
15-04-2020,Economic Times,"TCS announced operational adjustments during COVID-19, shifting to remote work model while ensuring service continuity and supporting global clients amid widespread business disruptions."
10-07-2020,Business Standard,"TCS reported resilient earnings despite pandemic challenges, driven by strong demand for digital services and cost optimization initiatives across its global operations."
01-06-2020,Reuters,"TCS strengthened its cloud and digital offerings as enterprises accelerated digital transformation during pandemic, increasing demand for IT services, automation, and remote infrastructure solutions."
31-12-2020,Mint,"TCS ended the year with strong deal pipeline and stable margins, positioning itself for continued growth driven by digital transformation, cloud adoption, and global enterprise technology spending."
08-07-2021,Economic Times,"TCS reported strong quarterly earnings driven by robust demand for digital services, cloud adoption, and large deal wins as global enterprises accelerated technology spending during post-pandemic recovery phase."
11-10-2021,Business Standard,"TCS announced strong deal pipeline and revenue growth, reflecting continued global demand for IT services and reinforcing its leadership position in digital transformation and enterprise technology solutions."
12-01-2022,Reuters,"TCS posted strong quarterly earnings with record deal wins, highlighting sustained demand for cloud, analytics, and digital transformation services across global markets despite macroeconomic uncertainties."
11-04-2022,Economic Times,"TCS reported highest-ever annual revenue and strong margins, supported by large contracts and expansion in digital services, reinforcing its position as India’s leading IT services exporter."
27-09-2022,Reuters,"TCS became title sponsor of the London Marathon, strengthening its global brand presence and reinforcing long-term strategy of building visibility across international markets and communities. (Consultancy.uk)"
09-01-2023,Business Standard,"TCS reported stable earnings with strong deal pipeline but cautious outlook due to global recession concerns, indicating potential slowdown in discretionary technology spending by enterprise clients."
24-03-2023,Reuters,"TCS announced CEO transition with K Krithivasan replacing Rajesh Gopinathan, marking a major leadership change aimed at sustaining growth and navigating evolving global technology landscape. (Consultancy.uk)"
12-07-2023,Economic Times,"TCS announced ₹17,000 crore share buyback, returning capital to shareholders while maintaining strong balance sheet and reinforcing confidence in long-term cash flow generation. (Tata Consultancy Services)"
11-10-2023,Mint,"TCS reported steady revenue growth with strong deal wins, despite macroeconomic uncertainties, reflecting resilience in global IT spending and continued demand for digital transformation services."
11-01-2024,Reuters,"TCS reported moderate growth and margin pressure due to delayed client spending and pricing challenges, highlighting early signs of slowdown in global IT demand environment."
28-03-2024,Consultancy UK,TCS opened new co-innovation hub in London to accelerate digital transformation initiatives and strengthen client collaboration in emerging technologies including AI and cloud solutions. (Consultancy.uk)
19-09-2024,Consultancy UK,"TCS secured multiple international deals to enhance digital customer experience platforms, reflecting continued demand for IT modernization services across global financial and retail sectors. (Consultancy.uk)"
19-06-2025,Reuters,"TCS clarified that its systems were not compromised in a cyberattack affecting client Marks & Spencer, reassuring stakeholders about its cybersecurity resilience and operational integrity. (Reuters)"
21-12-2025,Times of India,"TCS reported its artificial intelligence business reaching $1.5 billion annualized revenue, highlighting AI as a key growth driver and central pillar of future strategy. (The Times of India)"
15-07-2025,Economic Times,"TCS planned workforce rationalization and operational adjustments amid global slowdown and AI-driven changes, reflecting structural shifts in IT services industry and evolving talent requirements. (The Economic Times)"
16-05-2015,Economic Times,"ICICI Bank expanded its international presence by opening its first branch in Shanghai, strengthening global operations and enhancing cross-border banking capabilities for corporate and trade finance clients. (Wikipedia)"
20-10-2016,Economic Times,"ICICI Bank was impacted by a major debit card data breach affecting millions of customers, leading to large-scale card replacements and raising concerns over cybersecurity in Indian banking systems. (Wikipedia)"
08-11-2016,Reuters,"Following demonetisation in India, ICICI Bank witnessed surge in deposits and digital transactions as customers shifted toward formal banking channels and electronic payment systems. (Wikipedia)"
25-01-2017,Business Standard,"ICICI Bank reported stable earnings with improving retail loan growth, focusing on strengthening asset quality while managing stress in corporate lending segment during broader banking sector challenges."
27-04-2017,Reuters,"ICICI Bank posted moderate quarterly results with pressure on margins and rising NPAs, reflecting ongoing stress in corporate loan portfolio and need for stronger risk management practices."
15-01-2018,Economic Times,"ICICI Bank continued efforts to improve asset quality and reduce bad loans, focusing on retail lending growth and operational efficiency amid challenges in corporate credit portfolio."
04-10-2018,Reuters,"ICICI Bank CEO Chanda Kochhar resigned following allegations of conflict of interest in loan approvals, triggering governance concerns and leadership transition within the bank. (Wikipedia)"
10-01-2019,Business Standard,"Enforcement Directorate attached assets linked to former CEO Chanda Kochhar in loan fraud case, intensifying regulatory scrutiny and reinforcing governance risks for the bank. (Wikipedia)"
26-01-2019,Mint,"ICICI Bank initiated leadership stabilization under new CEO Sandeep Bakhshi, focusing on restoring investor confidence, improving governance practices, and strengthening core banking operations."
20-07-2019,Economic Times,"ICICI Bank reported improved asset quality with declining NPAs and strong retail loan growth, signaling gradual recovery from previous corporate lending stress and governance issues."
22-06-2020,Business Standard,"ICICI Bank divested stake in ICICI Prudential Life Insurance to raise capital, improving balance sheet strength and focusing on core banking operations. (Wikipedia)"
15-04-2020,Reuters,"ICICI Bank implemented measures to address COVID-19 disruptions, including loan moratoriums and liquidity support, ensuring continuity of operations during economic uncertainty."
25-07-2020,Economic Times,"ICICI Bank reported strong quarterly profit growth driven by improved asset quality and retail lending, marking recovery phase after earlier governance and asset quality challenges."
01-08-2020,Business Standard,"ICICI Bank strengthened digital banking capabilities, expanding mobile and online services to enhance customer experience and support increasing shift toward digital financial transactions."
31-12-2020,Mint,"ICICI Bank ended the year with improved financial performance and stronger balance sheet, reflecting successful turnaround strategy focused on asset quality, governance, and retail banking growth."
24-04-2021,Economic Times,"ICICI Bank reported strong quarterly earnings with significant improvement in asset quality and profitability, reflecting successful turnaround strategy and continued growth in retail lending and digital banking operations."
23-10-2021,Reuters,"ICICI Bank posted robust profit growth driven by higher net interest income and improved asset quality, marking sustained recovery from earlier corporate stress and strengthening investor confidence."
22-01-2022,Business Standard,"ICICI Bank delivered strong quarterly results with declining NPAs and steady loan growth, supported by retail lending expansion and improved credit quality across its loan portfolio."
23-07-2022,Economic Times,"ICICI Bank reported strong earnings growth with improving margins and stable asset quality, positioning itself among leading private banks benefiting from economic recovery and rising credit demand."
21-10-2022,Reuters,"ICICI Bank posted strong quarterly performance with record profit growth and stable margins, driven by robust retail lending and disciplined underwriting practices across its expanding credit portfolio."
22-04-2023,Mint,"ICICI Bank continued strong growth momentum with rising profits and improving asset quality, benefiting from higher loan growth and efficient cost management in a favorable macroeconomic environment."
21-10-2023,Reuters,"ICICI Bank reported strong earnings with improved margins and stable NPAs, reflecting consistent execution strategy and leadership in retail banking and digital transformation initiatives."
20-01-2024,Business Standard,"ICICI Bank posted steady quarterly earnings with continued improvement in asset quality and loan growth, maintaining strong balance sheet and profitability amid evolving economic conditions."
20-04-2024,Reuters,"ICICI Bank delivered consistent profit growth with strong net interest income and stable asset quality, reinforcing its position as one of India’s best-performing private sector banks."
27-07-2024,Economic Times,"ICICI Bank reported robust earnings with continued growth in retail loans and digital banking services, highlighting strong operational efficiency and sustained demand across consumer and business segments."
03-05-2025,Economic Report,"RBI imposed penalty of around ₹97.8 lakh on ICICI Bank for regulatory compliance deficiencies, highlighting need for stronger internal controls and adherence to banking regulations. (Enrich Money)"
08-08-2025,Regulatory News,"RBI imposed additional penalty of ₹75 lakh on ICICI Bank for compliance breaches, reinforcing regulatory scrutiny despite the bank’s otherwise strong financial performance. (CAalley)"
09-06-2025,Economic Times,"ICICI Bank reduced fixed deposit interest rates following RBI repo rate cut, aligning with monetary policy changes and reflecting broader interest rate transmission across banking sector. (The Economic Times)"
01-08-2025,Economic Times,"ICICI Bank began charging payment aggregators for UPI transactions, signaling shift in digital payment monetization strategy and potential changes in cost structure for digital financial services. (The Economic Times)"
27-11-2025,PSU Connect,"RBI imposed penalty of ₹22.73 lakh on ICICI Bank for FEMA-related compliance issues, highlighting continued regulatory oversight and need for strict adherence to foreign exchange regulations. (PSU Connect)"
02-03-2015,Reuters,"Nifty 50 declined sharply amid global market volatility and concerns over US rate hikes, reflecting sensitivity of Indian equities to global monetary policy and foreign investor flows."
29-02-2016,Economic Times,"Nifty 50 experienced volatility around Union Budget announcements, with investor sentiment driven by fiscal policy expectations, tax reforms, and infrastructure spending outlook impacting equity markets."
08-11-2016,Reuters,"Nifty 50 fell sharply following India’s demonetisation announcement, as liquidity disruption and economic uncertainty impacted investor sentiment and led to broad-based selling across sectors."
25-07-2017,Business Standard,"Nifty 50 crossed the 10,000 milestone for the first time, reflecting strong inflows, earnings growth, and optimism around structural reforms and economic recovery in India. (Wikipedia)"
01-02-2018,Economic Times,"Nifty 50 reacted positively to Union Budget expectations but later declined amid concerns over fiscal slippage and global market corrections, highlighting sensitivity to macroeconomic signals."
23-03-2018,Reuters,"Nifty 50 declined amid global trade war fears between the United States and China, reflecting impact of international geopolitical tensions on emerging market equities including India."
20-09-2019,Reuters,"Nifty 50 surged over 6% in a single day after India announced corporate tax cuts, marking one of its biggest gains and boosting investor confidence in economic growth prospects. (Wikipedia)"
15-01-2020,Economic Times,"Nifty 50 reached record highs supported by strong inflows, stable macroeconomic indicators, and optimism around earnings growth across key sectors including banking and IT services."
23-03-2020,Reuters,"Nifty 50 crashed sharply during COVID-19 pandemic as global markets collapsed, reflecting panic selling, economic uncertainty, and massive capital outflows from emerging markets."
25-03-2020,Economic Times,"Nifty 50 rebounded strongly after global stimulus measures, including US economic package, signaling recovery expectations and renewed investor confidence in equity markets. (Wikipedia)"
07-04-2020,Reuters,"Nifty 50 posted one of its largest single-day gains amid optimism around COVID-19 stabilization and stimulus measures, highlighting volatility and rapid sentiment shifts in equity markets. (Wikipedia)"
30-06-2020,Business Standard,"Nifty 50 recovered significantly from pandemic lows, supported by liquidity injections from central banks and strong performance in technology and pharmaceutical sectors."
31-08-2020,Economic Times,"Nifty 50 continued upward momentum driven by global liquidity, retail investor participation, and strong performance of large-cap stocks, especially in technology and financial sectors."
12-10-2020,Reuters,"Nifty 50 crossed pre-COVID levels, signaling strong market recovery despite economic contraction, supported by liquidity, stimulus measures, and improving corporate earnings outlook."
31-12-2020,Mint,"Nifty 50 ended the year with strong gains despite pandemic disruptions, reflecting resilience of equity markets and growing investor confidence in India’s long-term economic recovery."
05-02-2021,Economic Times,"Nifty 50 crossed the 15,000 milestone for the first time, driven by strong liquidity, global stimulus measures, and investor optimism around economic recovery after COVID-19 disruptions. (Wikipedia)"
01-02-2021,Reuters,"Nifty 50 surged sharply following Union Budget announcements, marking one of its best single-day gains, driven by fiscal stimulus expectations and positive investor sentiment toward economic recovery. (Wikipedia)"
19-10-2021,Business Standard,"Nifty 50 reached new record highs supported by strong earnings growth, robust foreign inflows, and continued participation from retail investors amid improving macroeconomic conditions."
24-02-2022,Reuters,"Nifty 50 declined sharply amid global market volatility triggered by Russia-Ukraine conflict, reflecting sensitivity of Indian equities to geopolitical risks and foreign investor outflows."
21-10-2022,Economic Times,"Nifty 50 showed resilience despite global slowdown concerns, supported by strong domestic demand and steady corporate earnings, helping Indian markets outperform several global peers."
11-09-2023,Reuters,"Nifty 50 crossed the 20,000 milestone for the first time, reflecting strong economic growth, corporate earnings expansion, and rising participation from domestic institutional investors. (Wikipedia)"
20-12-2023,Mint,"Nifty 50 continued record-breaking rally driven by banking and financial stocks, supported by strong credit growth, improving asset quality, and sustained domestic investor participation."
01-08-2024,Reuters,"Nifty 50 crossed the 25,000 mark for the first time, marking fastest 5,000-point rally, driven by strong earnings growth, liquidity, and retail investor participation in equity markets. (Moneycontrol)"
29-07-2024,Mint,"Nifty 50 approached 25,000 level amid strong rally driven by retail participation and liquidity, though profit booking led to volatility near record highs in equity markets. (mint)"
20-09-2024,Economic Times,"Nifty 50 reached new record highs above 25,500 levels, reflecting strong domestic flows and optimism around India’s economic growth trajectory and corporate earnings outlook."
15-03-2025,Reuters,"Nifty 50 recovered from earlier declines as foreign investors returned and bargain buying increased, supported by improving macroeconomic indicators and easing inflation concerns. (Reuters)"
15-05-2025,Market Report,"Nifty 50 reclaimed 25,000 level after months of volatility, driven by broad-based sectoral gains and renewed optimism around economic growth and global trade developments. (Testbook)"
27-11-2025,Reuters,"Nifty 50 reached record highs supported by strong earnings recovery, easing valuations, and resilient economic growth, with domestic institutional inflows offsetting foreign investor volatility. (Reuters)"
10-11-2025,Reuters,"Global brokerage upgraded India equities outlook, citing improving earnings momentum and policy support, projecting further upside in Nifty 50 driven by domestic consumption and liquidity. (Reuters)"
31-12-2025,Economic Times,"Nifty 50 ended the year with moderate gains, reflecting slower growth compared to global peers but supported by domestic flows, policy support, and improving corporate earnings outlook. (Reuters)"
04-03-2015,RBI,"RBI cut repo rate to boost economic growth amid slowing inflation, signaling accommodative monetary policy to support investment and consumption in the Indian economy."
29-02-2016,Economic Times,"Union Budget focused on fiscal discipline, infrastructure spending, and rural development, aiming to revive economic growth while maintaining deficit targets and boosting investor confidence."
08-11-2016,Reuters,"Indian government announced demonetisation of ₹500 and ₹1000 notes, causing liquidity shock, disrupting consumption, and accelerating shift toward digital payments and formal banking systems."
07-02-2017,RBI,"RBI kept interest rates unchanged citing inflation risks, balancing growth concerns with price stability as India transitioned through post-demonetisation economic adjustments."
01-07-2017,Government of India,"India implemented Goods and Services Tax (GST), unifying indirect tax system, improving compliance, and transforming supply chains despite initial disruptions to businesses and consumption."
22-09-2017,Reuters,"Government announced bank recapitalization plan to address rising NPAs, strengthen public sector banks, and revive credit growth across the economy."
01-02-2018,Economic Times,"Union Budget emphasized rural economy, healthcare, and infrastructure, while concerns over fiscal slippage led to volatility in financial markets."
05-10-2018,RBI,"RBI maintained rates amid rising inflation and currency volatility, reflecting cautious stance during global emerging market stress and oil price fluctuations."
01-09-2019,Reuters,"India’s GDP growth slowed sharply to around 5%, reflecting weakening consumption, investment slowdown, and stress in financial sector."
20-09-2019,Reuters,"Government announced major corporate tax cuts, boosting investor sentiment and aiming to revive economic growth and private investment."
04-10-2019,RBI,"RBI cut repo rate to stimulate economic growth amid slowdown, continuing accommodative stance to support credit demand and consumption."
11-03-2020,WHO,"WHO declared COVID-19 a global pandemic, triggering economic disruptions, market crashes, and unprecedented policy responses across countries."
24-03-2020,Government of India,"India announced nationwide lockdown to control COVID-19 spread, leading to severe economic contraction and disruption in supply chains and employment. (Wikipedia)"
27-03-2020,RBI,"RBI sharply cut repo rate by 75 basis points and injected liquidity to support economy during COVID crisis, along with loan moratorium measures. (Press Information Bureau)"
13-05-2020,Government of India,"Government announced ₹20 lakh crore economic stimulus package under Atmanirbhar Bharat to support businesses, MSMEs, and vulnerable sectors affected by pandemic."
26-08-2020,Economic Times,"RBI highlighted severe economic contraction and need for reforms, as GDP sharply declined due to pandemic-induced disruptions and lockdown impact. (The Economic Times)"
31-08-2020,Government Data,"India recorded historic GDP contraction of around 24% in Q1 FY21 due to COVID-19 lockdown, reflecting severe economic impact across sectors. (Wikipedia)"
15-12-2015,Reuters,"US Federal Reserve raised interest rates for first time since financial crisis, signaling tightening cycle and impacting global capital flows to emerging markets."
23-06-2016,Reuters,"UK voted to leave European Union (Brexit), creating global economic uncertainty and volatility in financial markets and currencies."
08-11-2016,Reuters,"Donald Trump elected US President, leading to expectations of fiscal stimulus, tax cuts, and shifts in global trade policies."
22-03-2018,Reuters,"US-China trade war escalated with tariffs imposed, impacting global trade flows, supply chains, and emerging market economies."
26-12-2018,Reuters,"Global stock markets experienced sharp correction amid recession fears, tightening liquidity, and geopolitical uncertainties."
15-08-2019,Reuters,"Global bond yields declined sharply with inversion of US yield curve, signaling recession concerns in major economies."
05-03-2020,Reuters,"Oil prices crashed due to Saudi-Russia price war, leading to volatility in energy markets and impacting global economies."
15-03-2020,Federal Reserve,US Federal Reserve cut interest rates to near zero and announced quantitative easing to support economy during COVID crisis.
23-03-2020,Reuters,"Global stock markets crashed due to COVID panic, marking one of the fastest declines in financial market history."
09-04-2020,Reuters,OPEC+ agreed to historic oil production cuts to stabilize prices after demand collapse caused by pandemic.
01-06-2020,Reuters,"Global economies began gradual reopening after lockdowns, leading to early signs of recovery in economic activity."
01-09-2020,Reuters,"China reported strong economic recovery post-COVID, becoming first major economy to return to growth."
31-12-2020,Reuters,"Global economy ended year with mixed recovery, supported by stimulus measures but facing uncertainty due to pandemic waves."
01-02-2021,Economic Times,"Union Budget focused on infrastructure spending, privatization, and fiscal expansion to revive growth after COVID, signaling shift toward growth-oriented policy despite higher fiscal deficit."
05-02-2021,RBI,"RBI maintained accommodative stance with low interest rates and liquidity support to sustain post-pandemic recovery, prioritizing growth over inflation concerns."
31-03-2021,Government Data,"India recorded strong GDP rebound after COVID contraction, reflecting recovery in consumption, manufacturing, and services sectors supported by stimulus and reopening."
04-05-2022,RBI,"RBI unexpectedly raised repo rate to control rising inflation, marking beginning of tightening cycle after prolonged accommodative policy during COVID recovery phase."
08-06-2022,RBI,"RBI continued aggressive rate hikes amid rising inflation driven by global commodity prices and supply chain disruptions, tightening liquidity conditions in the economy."
01-02-2022,Economic Times,"Union Budget emphasized capital expenditure, digital economy, and infrastructure growth, aiming to sustain economic recovery while maintaining fiscal discipline."
24-02-2022,Reuters,"Russia-Ukraine war triggered global commodity price surge, particularly oil and food, increasing inflationary pressures across economies including India. Russian invasion of Ukraine (Wikipedia)"
30-06-2022,Government Data,"India’s inflation crossed RBI tolerance band due to rising fuel and food prices, forcing tighter monetary policy stance and impacting consumer demand."
01-02-2023,Economic Times,"Union Budget focused on fiscal consolidation, capital investment, and manufacturing growth, aiming to balance growth with macroeconomic stability amid global uncertainty."
06-02-2023,RBI,RBI continued tightening cycle while signaling cautious approach as inflation remained elevated but growth showed resilience in domestic economy.
11-05-2023,Government Data,"India’s inflation began moderating after peak levels, reflecting easing commodity prices and improved supply conditions, reducing pressure on monetary policy."
01-09-2023,Reuters,"India became one of the fastest-growing major economies, supported by strong domestic demand, investment activity, and stable macroeconomic environment."
01-02-2024,Economic Times,"Union Budget emphasized infrastructure, manufacturing, and fiscal consolidation, focusing on long-term growth while maintaining macroeconomic stability."
08-02-2024,RBI,"RBI held interest rates steady after tightening cycle, indicating pause in rate hikes as inflation moderated and growth remained stable."
15-07-2024,Economic Survey,"India’s economy showed strong growth momentum with rising credit demand and consumption, supported by stable inflation and improved fiscal position."
01-10-2024,Government Data,"India’s inflation remained under control with stable food and fuel prices, supporting consumption and maintaining macroeconomic stability. (FocusEconomics)"
01-02-2025,Economic Times,"Union Budget focused on fiscal consolidation and growth balance, emphasizing capital expenditure and macroeconomic stability amid global uncertainty."
15-03-2025,Government Data,"India’s inflation moderated significantly, reflecting easing food prices and stable economic conditions, supporting policy flexibility for RBI. (FocusEconomics)"
01-06-2025,Economic Survey,"India’s economy showed stable growth with improving fiscal metrics and controlled inflation, indicating macroeconomic resilience despite global uncertainties. (Deloitte)"
01-09-2025,Reuters,"Domestic demand remained strong, supporting economic growth despite global slowdown, with services and manufacturing sectors contributing to expansion."
15-06-2021,Global Reports,"Global inflation surge began post-COVID due to supply chain disruptions and stimulus-driven demand, leading to rising prices across major economies. (Wikipedia)"
16-03-2022,Federal Reserve,"US Federal Reserve started aggressive rate hike cycle to control inflation, tightening global liquidity and impacting emerging markets including India. (Wikipedia)"
10-06-2022,Reuters,"Global oil prices surged to multi-year highs due to geopolitical tensions and supply disruptions, increasing inflation and economic risks worldwide. (Reserve Bank of India)"
15-09-2022,Reuters,"Global central banks coordinated tightening cycle to control inflation, leading to slowdown in global growth and volatility in financial markets. (Wikipedia)"
01-01-2023,Reuters,"Global economy entered slowdown phase due to high interest rates, inflation, and weakening demand across major economies."
15-03-2023,Reuters,"Banking sector stress in US and Europe raised concerns about financial stability, increasing volatility in global financial markets."
01-06-2024,OECD,"Global inflation began moderating after peak levels, though remained above central bank targets, requiring cautious policy approach. (OECD)"
01-01-2025,Global Reports,"Global economy showed gradual recovery with stable growth and easing inflation, though geopolitical risks continued to pose challenges. (Deloitte)"
15-06-2025,Reuters,"Oil price volatility continued due to geopolitical tensions, impacting inflation and macroeconomic stability in oil-importing countries like India. (Union Bank of India)"
31-12-2025,Reuters,"Global economy ended year with moderate growth and easing inflation, though structural risks from geopolitics and trade tensions remained."
